Feature,Importance
Work_Interfere_Encoded,0.538143372513423
Age,0.2964004823921789
family_history,0.10592421376982386
Gender_Encoded,0.03893449234965268
remote_work,0.02059743897492156
